{
  "experiment": "corn_m5_to_mp6_moisture",
  "n_transfer": 30,
  "n_test": 50,
  "timestamp": "2026-02-10T05:04:19.760919",
  "results": {
    "No_Transfer": {
      "r2": -21.458841814246558,
      "rmsep": 1.8687912709851071,
      "rpd": 0.21101159577170067,
      "bias": -1.844424180182342,
      "slope": 0.8832940615014827,
      "n_components": 15
    },
    "Target_Direct": {
      "r2": 0.692796529382616,
      "rmsep": 0.21856477876472824,
      "rpd": 1.804209398806895,
      "bias": -0.008604962589045684,
      "slope": 1.0482160521691932,
      "n_components": 15
    },
    "PDS": {
      "r2": -5.497040402622951,
      "rmsep": 1.00513617243997,
      "rpd": 0.3923215968632471,
      "bias": -0.40929695450154485,
      "slope": 1.546038355087551,
      "n_components": 15
    },
    "SBC": {
      "r2": 0.38424821086360617,
      "rmsep": 0.3094353740810888,
      "rpd": 1.2743747521416808,
      "bias": -0.0892199875103508,
      "slope": 0.8398446925707449,
      "n_components": 15
    },
    "DS": {
      "r2": 0.6887586775391166,
      "rmsep": 0.21999648641704736,
      "rpd": 1.79246784582324,
      "bias": 0.04685455473575914,
      "slope": 0.7250961433540266,
      "n_components": 15
    }
  }
}